match_id,character,opponent_character,result,kos,falls,sds,match_time,damage_given,damage_taken,gsp,match_time_seconds,damage_differential,damage_ratio,ko_differential,damage_per_minute,damage_taken_per_minute,gsp_change,match_intensity
1,mario,mii gunner,1,3,2,0,4:32,338,218,14244815,272,120,1.5504587155963303,1,74.55882352941177,48.088235294117645,0.0,0.01838235294117647
2,mario,steve,0,2,3,0,5:42,423,368,13804225,342,55,1.1494565217391304,-1,74.21052631578947,64.56140350877193,-440590.0,0.014619883040935672
3,mario,donkey kong,0,2,3,0,4:29,281,264,13232667,269,17,1.0643939393939394,-1,62.67657992565056,58.88475836431227,-571558.0,0.01858736059479554
4,mario,king k rool,0,2,3,0,4:38,345,233,12716780,278,112,1.48068669527897,-1,74.46043165467626,50.28776978417266,-515887.0,0.017985611510791366
5,mario,dark samus,1,3,1,0,4:47,418,240,13232667,287,178,1.7416666666666667,2,87.38675958188153,50.174216027874564,515887.0,0.013937282229965157
6,mario,villager,0,1,2,0,3:45,263,236,12758029,225,27,1.1144067796610169,-1,70.13333333333334,62.93333333333333,-474638.0,0.013333333333333334
7,mario,mii brawler,1,3,2,0,4:37,285,289,12758104,277,-4,0.986159169550173,1,61.73285198555957,62.59927797833936,75.0,0.018050541516245487
8,mario,mythra/pyra,1,3,2,0,4:45,411,188,12758104,285,223,2.1861702127659575,1,86.52631578947368,39.578947368421055,0.0,0.017543859649122806
9,mario,joker,1,3,2,0,4:44,395,201,13232746,284,194,1.9651741293532339,1,83.45070422535211,42.46478873239437,474642.0,0.017605633802816902
10,mario,mewtwo,0,2,3,0,5:30,352,399,12799099,330,-47,0.8822055137844611,-1,64.0,72.54545454545455,-433647.0,0.015151515151515152
11,mario,captain falcon,0,1,3,0,4:32,246,360,12334459,272,-114,0.6833333333333333,-2,54.26470588235294,79.41176470588235,-464640.0,0.014705882352941176
12,mario,sephiroth,1,3,2,0,5:04,309,354,12758104,304,-45,0.8728813559322034,1,60.98684210526316,69.86842105263158,423645.0,0.01644736842105263
13,mario,inkling,0,2,3,0,5:32,349,407,12334459,332,-58,0.8574938574938575,-1,63.07228915662651,73.55421686746988,-423645.0,0.015060240963855422
14,mario,megaman,0,2,3,0,6:34,436,528,11887450,394,-92,0.8257575757575758,-1,66.39593908629442,80.40609137055837,-447009.0,0.012690355329949238
15,mario,steve,1,3,2,0,4:40,290,293,12334459,280,-3,0.9897610921501706,1,62.14285714285714,62.785714285714285,447009.0,0.017857142857142856
16,mario,ken,1,3,2,0,5:21,315,404,12716855,321,-89,0.7797029702970297,1,58.8785046728972,75.51401869158879,382396.0,0.01557632398753894
17,mario,diddy kong,1,3,0,0,2:40,243,39,13117678,160,204,6.230769230769231,3,91.125,14.625,400823.0,0.01875
18,mario,captain falcon,0,2,3,0,6:09,368,512,12716855,369,-144,0.71875,-1,59.83739837398374,83.2520325203252,-400823.0,0.013550135501355014
19,mario,king dedede,1,3,1,0,4:06,344,176,13078783,246,168,1.9545454545454546,2,83.90243902439025,42.926829268292686,361928.0,0.016260162601626018
20,mario,inkling,1,3,1,0,4:30,385,215,13419054,270,170,1.7906976744186047,2,85.55555555555556,47.77777777777778,340271.0,0.014814814814814815
21,mario,ken,0,1,3,0,4:39,265,365,13078783,279,-100,0.726027397260274,-2,56.98924731182795,78.49462365591397,-340271.0,0.014336917562724014
22,mario,lucas,0,2,3,0,4:58,329,315,12716855,298,14,1.0444444444444445,-1,66.24161073825503,63.422818791946305,-361928.0,0.016778523489932886
23,mario,jigglypuff,1,3,2,0,3:37,193,180,13078783,217,13,1.0722222222222222,1,53.36405529953917,49.76958525345622,361928.0,0.02304147465437788
24,mario,mii brawler,1,3,0,0,3:28,314,130,13419054,208,184,2.4153846153846152,3,90.57692307692308,37.5,340271.0,0.014423076923076924
25,mario,pikachu,0,2,3,0,4:21,151,370,13079868,261,-219,0.4081081081081081,-1,34.71264367816092,85.05747126436782,-339186.0,0.019157088122605363
26,captain falcon,captain falcon,1,3,2,0,6:02,379,476,15127707,362,-97,0.7962184873949579,1,62.81767955801105,78.89502762430939,0.0,0.013812154696132596
27,captain falcon,pichu,1,3,2,0,4:22,182,342,15312729,262,-160,0.5321637426900585,1,41.6793893129771,78.3206106870229,185022.0,0.019083969465648856
28,captain falcon,joker,1,3,2,0,5:24,403,327,15459274,324,76,1.2324159021406729,1,74.62962962962962,60.55555555555555,146545.0,0.015432098765432098
29,captain falcon,cloud,0,2,3,0,5:26,296,440,15312729,326,-144,0.6727272727272727,-1,54.47852760736196,80.98159509202453,-146545.0,0.015337423312883436
30,captain falcon,mario,1,3,2,0,4:16,191,313,15474447,256,-122,0.610223642172524,1,44.765625,73.359375,161718.0,0.01953125
31,captain falcon,ganondorf,0,2,3,0,4:51,241,379,15329921,291,-138,0.6358839050131926,-1,49.69072164948454,78.14432989690722,-144526.0,0.01718213058419244
32,captain falcon,piranha plant,1,3,2,0,4:40,339,245,15489404,280,94,1.383673469387755,1,72.64285714285714,52.5,159483.0,0.017857142857142856
33,captain falcon,mr game and watch,1,3,1,0,4:43,364,278,15614635,283,86,1.3093525179856116,2,77.17314487632508,58.93992932862191,125231.0,0.014134275618374558
34,captain falcon,rob,1,3,0,0,2:51,170,149,15735157,171,21,1.1409395973154361,3,59.64912280701754,52.280701754385966,120522.0,0.017543859649122806
35,captain falcon,cloud,1,3,0,0,2:31,129,125,15837923,151,4,1.032,3,51.258278145695364,49.66887417218543,102766.0,0.019867549668874173
36,captain falcon,duck hunt,0,1,3,0,4:15,183,367,15735157,255,-184,0.4986376021798365,-2,43.05882352941177,86.3529411764706,-102766.0,0.01568627450980392
37,captain falcon,donkey kong,0,2,3,0,4:27,275,264,15601532,267,11,1.0416666666666667,-1,61.79775280898876,59.32584269662921,-133625.0,0.018726591760299626
38,captain falcon,dr mario,0,2,3,0,5:08,239,438,15474447,308,-199,0.545662100456621,-1,46.55844155844156,85.32467532467531,-127085.0,0.016233766233766232
39,captain falcon,samus,1,3,2,0,5:24,391,339,15601532,324,52,1.1533923303834808,1,72.4074074074074,62.77777777777777,127085.0,0.015432098765432098
40,captain falcon,link,1,3,1,0,4:08,229,298,15713535,248,-69,0.7684563758389261,2,55.40322580645161,72.09677419354838,112003.0,0.016129032258064516
41,captain falcon,snake,1,3,2,0,5:07,296,376,15712535,307,-80,0.7872340425531915,1,57.850162866449516,73.48534201954398,-1000.0,0.016286644951140065
42,captain falcon,sheik,0,0,3,0,3:39,111,369,15601532,219,-258,0.3008130081300813,-3,30.410958904109588,101.0958904109589,-111003.0,0.0136986301369863
43,captain falcon,hero,0,2,3,0,5:53,355,471,15474447,353,-116,0.7537154989384289,-1,60.3399433427762,80.05665722379602,-127085.0,0.014164305949008499
44,captain falcon,richter,0,2,3,0,5:09,251,430,15346882,309,-179,0.5837209302325581,-1,48.7378640776699,83.49514563106796,-127565.0,0.016181229773462782
45,captain falcon,joker,0,2,3,0,4:09,190,290,15166656,249,-100,0.6551724137931034,-1,45.783132530120476,69.87951807228914,-180226.0,0.020080321285140562
46,captain falcon,ridley,1,3,2,0,3:55,119,315,15346882,235,-196,0.37777777777777777,1,30.382978723404257,80.42553191489363,180226.0,0.02127659574468085
47,captain falcon,ness,1,3,2,0,5:43,346,448,15489404,343,-102,0.7723214285714286,1,60.52478134110787,78.36734693877551,142522.0,0.014577259475218658
48,captain falcon,pit,0,2,3,0,5:23,381,346,15329921,323,35,1.1011560693641618,-1,70.77399380804953,64.27244582043343,-159483.0,0.015479876160990712
49,captain falcon,sora,1,3,2,0,5:15,310,389,15489404,315,-79,0.7969151670951157,1,59.04761904761905,74.0952380952381,159483.0,0.015873015873015872
50,captain falcon,little mac,0,2,3,0,4:45,217,382,15346882,285,-165,0.5680628272251309,-1,45.68421052631579,80.42105263157895,-142522.0,0.017543859649122806
51,captain falcon,kazuya,1,3,2,0,6:22,445,478,15518681,382,-33,0.9309623430962343,1,69.89528795811519,75.07853403141361,171799.0,0.013089005235602094
52,lucas,donkey kong,1,3,1,0,4:34,371,244,12116342,274,127,1.5204918032786885,2,81.24087591240877,53.43065693430657,0.0,0.014598540145985401
53,lucas,ganondorf,1,3,1,0,3:00,171,129,12552074,180,42,1.3255813953488371,2,57.0,43.0,435732.0,0.022222222222222223
54,lucas,mario,0,1,3,0,3:58,175,319,12161664,238,-144,0.54858934169279,-2,44.11764705882353,80.42016806722688,-390410.0,0.01680672268907563
55,lucas,captain falcon,1,2,1,0,3:45,261,238,12552812,225,23,1.096638655462185,1,69.6,63.46666666666667,391148.0,0.013333333333333334
56,lucas,snake,0,2,3,0,5:35,325,442,12161664,335,-117,0.7352941176470589,-1,58.2089552238806,79.16417910447761,-391148.0,0.014925373134328358
57,lucas,ganondorf,1,3,2,0,3:56,311,125,12552812,236,186,2.488,1,79.0677966101695,31.779661016949156,391148.0,0.0211864406779661
58,lucas,megaman,0,1,3,0,4:18,187,373,12161664,258,-186,0.5013404825737265,-2,43.48837209302326,86.74418604651163,-391148.0,0.015503875968992248
59,lucas,dark samus,1,3,2,0,5:08,392,284,12552812,308,108,1.380281690140845,1,76.36363636363636,55.32467532467532,391148.0,0.016233766233766232
60,lucas,pit,0,2,3,0,4:40,260,324,12117050,280,-64,0.8024691358024691,-1,55.71428571428571,69.42857142857143,-435762.0,0.017857142857142856
61,lucas,ness,1,3,2,0,3:55,187,246,12510302,235,-59,0.7601626016260162,1,47.74468085106383,62.808510638297875,393252.0,0.02127659574468085
62,lucas,greninja,1,3,0,0,2:08,129,49,12883893,128,80,2.63265306122449,3,60.46875,22.96875,373591.0,0.0234375
63,lucas,mii brawler,1,3,1,0,3:49,286,176,13236438,229,110,1.625,2,74.93449781659388,46.11353711790393,352545.0,0.017467248908296942
64,lucas,little mac,0,0,3,0,3:08,90,287,12883893,188,-197,0.313588850174216,-3,28.72340425531915,91.59574468085107,-352545.0,0.015957446808510637
65,lucas,donkey kong,0,1,3,0,4:05,214,302,12467550,245,-88,0.7086092715231788,-2,52.40816326530613,73.9591836734694,-416343.0,0.0163265306122449
66,lucas,banjo & kazooie,1,3,1,0,4:34,388,226,12883893,274,162,1.7168141592920354,2,84.96350364963504,49.48905109489051,416343.0,0.014598540145985401
67,lucas,pacman,1,3,1,0,4:17,324,231,13236438,257,93,1.4025974025974026,2,75.6420233463035,53.929961089494164,352545.0,0.01556420233463035
68,lucas,sephiroth,1,3,2,0,4:23,206,319,13637266,263,-113,0.64576802507837,1,46.99619771863117,72.77566539923954,400828.0,0.019011406844106463
69,lucas,ganondorf,1,2,1,0,3:12,219,170,13972047,192,49,1.2882352941176471,1,68.4375,53.125,334781.0,0.015625
70,lucas,marth,1,3,1,0,4:30,368,232,14066914,270,136,1.5862068965517242,2,81.77777777777777,51.55555555555556,94867.0,0.014814814814814815
71,lucas,mario,1,3,1,0,4:02,240,266,14364563,242,-26,0.9022556390977443,2,59.50413223140496,65.9504132231405,297649.0,0.01652892561983471
72,lucas,yoshi,1,3,2,0,5:53,436,390,14608228,353,46,1.117948717948718,1,74.10764872521246,66.28895184135978,243665.0,0.014164305949008499
73,lucas,ganondorf,0,2,3,0,5:29,316,429,14307312,329,-113,0.7365967365967366,-1,57.62917933130699,78.2370820668693,-300916.0,0.015197568389057751
74,lucas,ness,0,0,3,0,4:27,267,372,14003956,267,-105,0.717741935483871,-3,60.0,83.59550561797752,-303356.0,0.011235955056179775
75,lucas,duck hunt,1,3,2,0,5:32,419,338,14307312,332,81,1.2396449704142012,1,75.72289156626506,61.08433734939759,303356.0,0.015060240963855422
76,lucas,mario,0,1,3,0,4:09,227,303,13972047,249,-76,0.7491749174917491,-2,54.69879518072289,73.01204819277108,-335265.0,0.01606425702811245
77,lucas,lucina,1,3,2,0,4:50,242,373,14278261,290,-131,0.6487935656836461,1,50.06896551724138,77.17241379310346,306214.0,0.017241379310344827
78,toon link,lucina,1,3,2,0,4:08,280,197,9514166,248,83,1.4213197969543148,1,67.74193548387096,47.66129032258064,0.0,0.020161290322580645
79,toon link,marth,1,3,2,0,4:33,289,270,10386939,273,19,1.0703703703703704,1,63.51648351648352,59.34065934065934,872773.0,0.018315018315018316
80,toon link,kirby,1,3,2,0,5:11,348,339,11182330,311,9,1.0265486725663717,1,67.13826366559485,65.40192926045016,795391.0,0.01607717041800643
81,toon link,yoshi,1,3,2,0,5:30,435,315,11891115,330,120,1.380952380952381,1,79.0909090909091,57.27272727272727,708785.0,0.015151515151515152
82,toon link,ganondorf,1,3,1,0,4:08,332,195,12553254,248,137,1.7025641025641025,2,80.32258064516128,47.177419354838705,662139.0,0.016129032258064516
83,toon link,incineroar,0,2,3,0,6:13,419,473,11891115,373,-54,0.8858350951374208,-1,67.3994638069705,76.08579088471849,-662139.0,0.013404825737265416
84,toon link,ike,1,2,1,0,3:20,183,235,12510743,200,-52,0.7787234042553192,1,54.9,70.5,619628.0,0.015
85,toon link,jigglypuff,1,3,2,0,5:03,347,313,13043711,303,34,1.1086261980830672,1,68.71287128712872,61.98019801980198,532968.0,0.0165016501650165
86,toon link,joker,0,2,3,0,4:53,228,399,12467989,293,-171,0.5714285714285714,-1,46.68941979522184,81.70648464163821,-575722.0,0.017064846416382253
87,toon link,lucina,1,3,2,0,4:56,336,300,13004266,296,36,1.12,1,68.1081081081081,60.81081081081081,536277.0,0.016891891891891893
88,toon link,fox,0,1,3,0,3:53,215,260,12467989,233,-45,0.8269230769230769,-2,55.36480686695279,66.95278969957081,-536277.0,0.017167381974248927
89,toon link,diddy kong,0,1,3,0,3:08,161,165,11936815,188,-4,0.9757575757575757,-2,51.38297872340426,52.659574468085104,-531174.0,0.02127659574468085
90,toon link,marth,0,1,3,0,4:02,218,288,11375336,242,-70,0.7569444444444444,-2,54.049586776859506,71.40495867768595,-561479.0,0.01652892561983471
91,toon link,lucas,1,3,2,0,5:26,374,363,11936815,326,11,1.0303030303030303,1,68.83435582822085,66.80981595092024,561479.0,0.015337423312883436
92,toon link,falco,1,3,1,0,4:10,253,279,12467989,250,-26,0.9068100358422939,2,60.72,66.96,531174.0,0.016
93,toon link,samus,1,3,1,0,4:01,294,211,12924584,241,83,1.3933649289099526,2,73.19502074688796,52.531120331950206,456595.0,0.016597510373443983
94,toon link,ridley,0,1,3,0,4:11,258,277,12467989,251,-19,0.9314079422382672,-2,61.67330677290836,66.21513944223108,-456595.0,0.01593625498007968
95,toon link,hero,0,2,3,0,4:41,276,312,12027577,281,-36,0.8846153846153846,-1,58.93238434163701,66.61921708185054,-440412.0,0.017793594306049824
96,toon link,king k rool,1,3,2,0,4:57,449,190,12467989,297,259,2.363157894736842,1,90.7070707070707,38.38383838383838,440412.0,0.016835016835016835
97,toon link,ridley,1,3,2,0,4:59,369,277,12843855,299,92,1.332129963898917,1,74.04682274247492,55.585284280936456,375866.0,0.016722408026755852
98,toon link,zero suit samus,1,3,1,0,3:43,215,229,13198810,223,-14,0.9388646288209607,2,57.847533632286996,61.61434977578475,354955.0,0.017937219730941704
99,toon link,ike,1,3,2,0,5:11,398,288,13567469,311,110,1.3819444444444444,1,76.7845659163987,55.562700964630224,368659.0,0.01607717041800643
100,toon link,ike,1,3,1,0,4:48,418,243,13602712,288,175,1.7201646090534979,2,87.08333333333334,50.625,35243.0,0.013888888888888888
101,toon link,byleth,1,3,1,0,5:08,434,294,13875187,308,140,1.4761904761904763,2,84.54545454545453,57.272727272727266,272475.0,0.012987012987012988
102,toon link,hero,1,3,0,0,3:03,242,117,14159800,183,125,2.0683760683760686,3,79.34426229508198,38.36065573770492,284613.0,0.01639344262295082
103,pit,mr game and watch,1,3,0,0,3:14,365,160,14967618,194,205,2.28125,3,112.88659793814433,49.48453608247423,0.0,0.015463917525773196
104,pit,steve,0,2,3,0,4:12,305,418,14808730,252,-113,0.7296650717703349,-1,72.61904761904762,99.52380952380952,-158888.0,0.01984126984126984
105,pit,link,1,3,1,0,4:33,362,309,15010646,273,53,1.1715210355987056,2,79.56043956043956,67.91208791208791,201916.0,0.014652014652014652
106,pit,captain falcon,1,3,2,0,4:17,389,379,15210529,257,10,1.0263852242744063,1,90.8171206225681,88.48249027237354,199883.0,0.019455252918287938
107,pit,ken,0,2,3,0,3:19,280,455,15010646,199,-175,0.6153846153846154,-1,84.42211055276381,137.1859296482412,-199883.0,0.02512562814070352
108,pit,bayonetta,1,3,2,0,3:53,384,454,15210529,233,-70,0.8458149779735683,1,98.88412017167381,116.9098712446352,199883.0,0.02145922746781116
109,pit,little mac,1,3,2,0,2:22,273,275,15369593,142,-2,0.9927272727272727,1,115.35211267605634,116.19718309859155,159064.0,0.035211267605633804
110,pit,captain falcon,0,1,3,0,1:52,195,298,15210529,112,-103,0.6543624161073825,-2,104.46428571428571,159.64285714285714,-159064.0,0.03571428571428571
111,pit,fox,1,3,1,0,2:18,299,210,15418447,138,89,1.4238095238095239,2,130.0,91.30434782608697,207918.0,0.028985507246376812
112,pit,steve,0,2,3,0,2:43,261,439,15247547,163,-178,0.5945330296127562,-1,96.07361963190183,161.59509202453987,-170900.0,0.03067484662576687
113,pit,lucina,1,3,1,0,3:27,292,209,15418447,207,83,1.3971291866028708,2,84.63768115942028,60.57971014492753,170900.0,0.01932367149758454
114,pit,byleth,1,3,2,0,5:33,322,465,15567093,333,-143,0.6924731182795699,1,58.01801801801802,83.78378378378379,148646.0,0.015015015015015015
115,pit,incineroar,0,2,3,0,3:32,373,381,15402387,212,-8,0.979002624671916,-1,105.56603773584906,107.83018867924528,-164706.0,0.02358490566037736
116,pit,rob,1,3,2,0,4:25,391,360,15567093,265,31,1.086111111111111,1,88.52830188679245,81.50943396226414,164706.0,0.018867924528301886
117,pit,kirby,1,3,1,0,2:30,299,238,15695312,150,61,1.2563025210084033,2,119.6,95.2,128219.0,0.02666666666666667
118,pit,king dedede,1,3,2,0,6:00,403,375,15794811,360,28,1.0746666666666667,1,67.16666666666667,62.5,99499.0,0.013888888888888888
119,pit,lucas,0,1,3,0,2:49,215,349,15671212,169,-134,0.6160458452722063,-2,76.33136094674556,123.90532544378698,-123599.0,0.023668639053254437
120,pit,link,0,2,3,0,3:08,314,377,15524730,188,-63,0.8328912466843501,-1,100.2127659574468,120.31914893617021,-146482.0,0.026595744680851064
121,pit,pit,0,2,3,0,3:34,254,422,15386103,214,-168,0.6018957345971564,-1,71.21495327102804,118.31775700934578,-138627.0,0.02336448598130841
122,pit,diddy kong,0,2,3,0,3:26,293,450,15229153,206,-157,0.6511111111111111,-1,85.33980582524272,131.06796116504856,-156950.0,0.024271844660194174
123,pit,incineroar,1,3,2,0,3:08,295,353,15449900,188,-58,0.8356940509915014,1,94.14893617021276,112.65957446808511,220747.0,0.026595744680851064
124,pit,joker,0,2,3,0,5:54,317,507,15283584,354,-190,0.6252465483234714,-1,53.72881355932203,85.9322033898305,-166316.0,0.014124293785310734
125,pit,mr game and watch,0,2,3,0,2:36,308,363,15301253,156,-55,0.8484848484848485,-1,118.46153846153845,139.6153846153846,17669.0,0.03205128205128205
126,pit,incineroar,1,3,1,0,0:58,177,149,15465297,58,28,1.1879194630872483,2,183.10344827586206,154.13793103448276,164044.0,0.06896551724137931
127,pit,kirby,1,3,2,0,3:36,357,366,15607618,216,-9,0.9754098360655737,1,99.16666666666666,101.66666666666666,142321.0,0.023148148148148147
128,banjo & kazooie,dr mario,1,3,2,0,3:20,361,336,15210529,200,25,1.0744047619047619,1,108.3,100.8,0.0,0.025
129,banjo & kazooie,dark samus,0,2,3,0,3:18,385,400,15031773,198,-15,0.9625,-1,116.66666666666667,121.21212121212122,-178756.0,0.025252525252525252
130,banjo & kazooie,dark pit,1,3,2,0,3:20,408,320,15229153,200,88,1.275,1,122.39999999999999,96.0,197380.0,0.025
131,banjo & kazooie,little mac,1,3,0,0,1:26,259,97,15386103,86,162,2.670103092783505,3,180.69767441860466,67.67441860465117,156950.0,0.03488372093023256
132,banjo & kazooie,ridley,1,3,2,0,2:18,352,236,15539059,138,116,1.4915254237288136,1,153.0434782608696,102.60869565217392,152956.0,0.036231884057971016
133,banjo & kazooie,mewtwo,0,2,3,0,2:55,305,295,15386103,175,10,1.0338983050847457,-1,104.57142857142858,101.14285714285715,-152956.0,0.02857142857142857
134,banjo & kazooie,yoshi,1,3,0,0,0:58,205,56,15567093,58,149,3.6607142857142856,3,212.06896551724137,57.93103448275862,180990.0,0.05172413793103448
135,banjo & kazooie,king dedede,1,3,2,0,3:50,431,358,15683356,230,73,1.2039106145251397,1,112.43478260869564,93.39130434782608,116263.0,0.021739130434782608
136,banjo & kazooie,mii brawler,1,3,2,0,2:37,373,300,15773926,157,73,1.2433333333333334,1,142.54777070063693,114.64968152866241,90570.0,0.03184713375796178
137,banjo & kazooie,diddy kong,1,3,2,0,2:16,212,205,15871779,136,7,1.0341463414634147,1,93.52941176470588,90.44117647058823,97853.0,0.03676470588235294
138,banjo & kazooie,zero suit samus,1,3,2,0,3:24,412,258,15938951,204,154,1.5968992248062015,1,121.1764705882353,75.88235294117648,67172.0,0.024509803921568627
139,banjo & kazooie,bayonetta,0,2,3,0,3:04,362,455,15898065,184,-93,0.7956043956043956,-1,118.04347826086956,148.36956521739128,-40886.0,0.02717391304347826
140,banjo & kazooie,zelda,0,2,3,0,3:32,267,372,15805001,212,-105,0.717741935483871,-1,75.56603773584906,105.28301886792453,-93064.0,0.02358490566037736
141,banjo & kazooie,wii fit trainer,0,1,3,0,2:12,169,328,15683356,132,-159,0.5152439024390244,-2,76.81818181818181,149.09090909090907,-121645.0,0.030303030303030304
142,banjo & kazooie,wii fit trainer,0,1,3,0,2:51,216,410,15539059,171,-194,0.526829268292683,-2,75.78947368421052,143.859649122807,-144297.0,0.023391812865497075
143,banjo & kazooie,fox,1,3,2,0,3:53,281,309,15658879,233,-28,0.9093851132686084,1,72.36051502145922,79.57081545064378,119820.0,0.02145922746781116
144,banjo & kazooie,link,1,3,2,0,4:30,334,465,15773926,270,-131,0.7182795698924731,1,74.22222222222223,103.33333333333333,115047.0,0.018518518518518517
145,banjo & kazooie,captain falcon,1,3,2,0,3:44,403,312,15862713,224,91,1.2916666666666667,1,107.94642857142857,83.57142857142857,88787.0,0.022321428571428572
146,banjo & kazooie,mii gunner,1,3,2,0,4:04,394,394,15938951,244,0,1.0,1,96.88524590163935,96.88524590163935,76238.0,0.020491803278688523
147,banjo & kazooie,sephiroth,0,0,3,0,1:47,127,254,15871779,107,-127,0.5,-3,71.21495327102804,142.42990654205607,-67172.0,0.028037383177570093
148,banjo & kazooie,luigi,1,3,2,0,2:33,275,288,15938951,153,-13,0.9548611111111112,1,107.84313725490196,112.94117647058825,67172.0,0.032679738562091505
149,banjo & kazooie,palutena,0,1,2,0,3:00,191,169,15834579,180,22,1.1301775147928994,-1,63.666666666666664,56.333333333333336,-104372.0,0.016666666666666666
150,banjo & kazooie,cloud,0,2,3,0,3:18,313,417,15730077,198,-104,0.750599520383693,-1,94.84848484848486,126.36363636363637,-104502.0,0.025252525252525252
151,banjo & kazooie,pyra and mythra,1,3,2,0,5:03,408,365,15824883,303,43,1.1178082191780823,1,80.79207920792079,72.27722772277228,94806.0,0.0165016501650165
152,banjo & kazooie,ness,1,3,2,0,1:09,287,236,15906530,69,51,1.2161016949152543,1,249.56521739130437,205.21739130434784,81647.0,0.07246376811594203
