character,opponent_character,matches,wins,win_rate,avg_damage_given,avg_damage_taken,damage_difference
banjo & kazooie,bayonetta,1,0,0.0,362.0,455.0,-93.0
banjo & kazooie,captain falcon,1,1,1.0,403.0,312.0,91.0
banjo & kazooie,cloud,1,0,0.0,313.0,417.0,-104.0
banjo & kazooie,dark pit,1,1,1.0,408.0,320.0,88.0
banjo & kazooie,dark samus,1,0,0.0,385.0,400.0,-15.0
banjo & kazooie,diddy kong,1,1,1.0,212.0,205.0,7.0
banjo & kazooie,dr mario,1,1,1.0,361.0,336.0,25.0
banjo & kazooie,fox,1,1,1.0,281.0,309.0,-28.0
banjo & kazooie,king dedede,1,1,1.0,431.0,358.0,73.0
banjo & kazooie,link,1,1,1.0,334.0,465.0,-131.0
banjo & kazooie,little mac,1,1,1.0,259.0,97.0,162.0
banjo & kazooie,luigi,1,1,1.0,275.0,288.0,-13.0
banjo & kazooie,mewtwo,1,0,0.0,305.0,295.0,10.0
banjo & kazooie,mii brawler,1,1,1.0,373.0,300.0,73.0
banjo & kazooie,mii gunner,1,1,1.0,394.0,394.0,0.0
banjo & kazooie,ness,1,1,1.0,287.0,236.0,51.0
banjo & kazooie,palutena,1,0,0.0,191.0,169.0,22.0
banjo & kazooie,pyra and mythra,1,1,1.0,408.0,365.0,43.0
banjo & kazooie,ridley,1,1,1.0,352.0,236.0,116.0
banjo & kazooie,sephiroth,1,0,0.0,127.0,254.0,-127.0
banjo & kazooie,wii fit trainer,2,0,0.0,192.5,369.0,-176.5
banjo & kazooie,yoshi,1,1,1.0,205.0,56.0,149.0
banjo & kazooie,zelda,1,0,0.0,267.0,372.0,-105.0
banjo & kazooie,zero suit samus,1,1,1.0,412.0,258.0,154.0
captain falcon,captain falcon,1,1,1.0,379.0,476.0,-97.0
captain falcon,cloud,2,1,0.5,212.5,282.5,-70.0
captain falcon,donkey kong,1,0,0.0,275.0,264.0,11.0
captain falcon,dr mario,1,0,0.0,239.0,438.0,-199.0
captain falcon,duck hunt,1,0,0.0,183.0,367.0,-184.0
captain falcon,ganondorf,1,0,0.0,241.0,379.0,-138.0
captain falcon,hero,1,0,0.0,355.0,471.0,-116.0
captain falcon,joker,2,1,0.5,296.5,308.5,-12.0
captain falcon,kazuya,1,1,1.0,445.0,478.0,-33.0
captain falcon,link,1,1,1.0,229.0,298.0,-69.0
captain falcon,little mac,1,0,0.0,217.0,382.0,-165.0
captain falcon,mario,1,1,1.0,191.0,313.0,-122.0
captain falcon,mr game and watch,1,1,1.0,364.0,278.0,86.0
captain falcon,ness,1,1,1.0,346.0,448.0,-102.0
captain falcon,pichu,1,1,1.0,182.0,342.0,-160.0
captain falcon,piranha plant,1,1,1.0,339.0,245.0,94.0
captain falcon,pit,1,0,0.0,381.0,346.0,35.0
captain falcon,richter,1,0,0.0,251.0,430.0,-179.0
captain falcon,ridley,1,1,1.0,119.0,315.0,-196.0
captain falcon,rob,1,1,1.0,170.0,149.0,21.0
captain falcon,samus,1,1,1.0,391.0,339.0,52.0
captain falcon,sheik,1,0,0.0,111.0,369.0,-258.0
captain falcon,snake,1,1,1.0,296.0,376.0,-80.0
captain falcon,sora,1,1,1.0,310.0,389.0,-79.0
lucas,banjo & kazooie,1,1,1.0,388.0,226.0,162.0
lucas,captain falcon,1,1,1.0,261.0,238.0,23.0
lucas,dark samus,1,1,1.0,392.0,284.0,108.0
lucas,donkey kong,2,1,0.5,292.5,273.0,19.5
lucas,duck hunt,1,1,1.0,419.0,338.0,81.0
lucas,ganondorf,4,3,0.75,254.25,213.25,41.0
lucas,greninja,1,1,1.0,129.0,49.0,80.0
lucas,little mac,1,0,0.0,90.0,287.0,-197.0
lucas,lucina,1,1,1.0,242.0,373.0,-131.0
lucas,mario,3,1,0.3333333333333333,214.0,296.0,-82.0
lucas,marth,1,1,1.0,368.0,232.0,136.0
lucas,megaman,1,0,0.0,187.0,373.0,-186.0
lucas,mii brawler,1,1,1.0,286.0,176.0,110.0
lucas,ness,2,1,0.5,227.0,309.0,-82.0
lucas,pacman,1,1,1.0,324.0,231.0,93.0
lucas,pit,1,0,0.0,260.0,324.0,-64.0
lucas,sephiroth,1,1,1.0,206.0,319.0,-113.0
lucas,snake,1,0,0.0,325.0,442.0,-117.0
lucas,yoshi,1,1,1.0,436.0,390.0,46.0
mario,captain falcon,2,0,0.0,307.0,436.0,-129.0
mario,dark samus,1,1,1.0,418.0,240.0,178.0
mario,diddy kong,1,1,1.0,243.0,39.0,204.0
mario,donkey kong,1,0,0.0,281.0,264.0,17.0
mario,inkling,2,1,0.5,367.0,311.0,56.0
mario,jigglypuff,1,1,1.0,193.0,180.0,13.0
mario,joker,1,1,1.0,395.0,201.0,194.0
mario,ken,2,1,0.5,290.0,384.5,-94.5
mario,king dedede,1,1,1.0,344.0,176.0,168.0
mario,king k rool,1,0,0.0,345.0,233.0,112.0
mario,lucas,1,0,0.0,329.0,315.0,14.0
mario,megaman,1,0,0.0,436.0,528.0,-92.0
mario,mewtwo,1,0,0.0,352.0,399.0,-47.0
mario,mii brawler,2,2,1.0,299.5,209.5,90.0
mario,mii gunner,1,1,1.0,338.0,218.0,120.0
mario,mythra/pyra,1,1,1.0,411.0,188.0,223.0
mario,pikachu,1,0,0.0,151.0,370.0,-219.0
mario,sephiroth,1,1,1.0,309.0,354.0,-45.0
mario,steve,2,1,0.5,356.5,330.5,26.0
mario,villager,1,0,0.0,263.0,236.0,27.0
pit,bayonetta,1,1,1.0,384.0,454.0,-70.0
pit,byleth,1,1,1.0,322.0,465.0,-143.0
pit,captain falcon,2,1,0.5,292.0,338.5,-46.5
pit,diddy kong,1,0,0.0,293.0,450.0,-157.0
pit,fox,1,1,1.0,299.0,210.0,89.0
pit,incineroar,3,2,0.6666666666666666,281.6666666666667,294.3333333333333,-12.666666666666629
pit,joker,1,0,0.0,317.0,507.0,-190.0
pit,ken,1,0,0.0,280.0,455.0,-175.0
pit,king dedede,1,1,1.0,403.0,375.0,28.0
pit,kirby,2,2,1.0,328.0,302.0,26.0
pit,link,2,1,0.5,338.0,343.0,-5.0
pit,little mac,1,1,1.0,273.0,275.0,-2.0
pit,lucas,1,0,0.0,215.0,349.0,-134.0
pit,lucina,1,1,1.0,292.0,209.0,83.0
pit,mr game and watch,2,1,0.5,336.5,261.5,75.0
pit,pit,1,0,0.0,254.0,422.0,-168.0
pit,rob,1,1,1.0,391.0,360.0,31.0
pit,steve,2,0,0.0,283.0,428.5,-145.5
toon link,byleth,1,1,1.0,434.0,294.0,140.0
toon link,diddy kong,1,0,0.0,161.0,165.0,-4.0
toon link,falco,1,1,1.0,253.0,279.0,-26.0
toon link,fox,1,0,0.0,215.0,260.0,-45.0
toon link,ganondorf,1,1,1.0,332.0,195.0,137.0
toon link,hero,2,1,0.5,259.0,214.5,44.5
toon link,ike,3,3,1.0,333.0,255.33333333333334,77.66666666666666
toon link,incineroar,1,0,0.0,419.0,473.0,-54.0
toon link,jigglypuff,1,1,1.0,347.0,313.0,34.0
toon link,joker,1,0,0.0,228.0,399.0,-171.0
toon link,king k rool,1,1,1.0,449.0,190.0,259.0
toon link,kirby,1,1,1.0,348.0,339.0,9.0
toon link,lucas,1,1,1.0,374.0,363.0,11.0
toon link,lucina,2,2,1.0,308.0,248.5,59.5
toon link,marth,2,1,0.5,253.5,279.0,-25.5
toon link,ridley,2,1,0.5,313.5,277.0,36.5
toon link,samus,1,1,1.0,294.0,211.0,83.0
toon link,yoshi,1,1,1.0,435.0,315.0,120.0
toon link,zero suit samus,1,1,1.0,215.0,229.0,-14.0
